wavelength_nm,median_reflectance
1000.0,0.0
1005.226480836237,0.982749803999447
1010.4529616724739,0.978657483458302
1015.6794425087108,0.997736950565512
1020.9059233449477,1.1297358378379017
1026.1324041811847,0.992321896170881
1031.3588850174217,0.9867664863455647
1036.5853658536585,0.9896125960854968
1041.8118466898954,0.9912436467966915
1047.0383275261324,0.9838065879000724
1052.2648083623694,0.9931112154181932
1057.4912891986062,0.9893116496031915
1062.7177700348432,0.9891689138299156
1067.9442508710802,1.0007578813706601
1073.1707317073171,0.9979234703190951
1078.397212543554,0.9933062403684488
1083.623693379791,0.9839089929729936
1088.8501742160279,0.9868012642350891
1094.0766550522649,0.9849943207606471
1099.3031358885019,0.9913304608094498
1104.5296167247386,0.9826373151617176
1109.7560975609756,0.983311984783042
1114.9825783972126,0.9848957149435539
1120.2090592334494,0.9832514352749457
1125.4355400696863,0.9813303886837117
1130.6620209059233,0.9865950519907241
1135.8885017421603,0.9853518986799625
1141.1149825783973,0.9851868760648542
1146.341463414634,0.979872950552372
1151.567944250871,0.9792477496450758
1156.794425087108,0.9792923230302246
1162.020905923345,0.9868330309887895
1167.2473867595818,0.9867732578536405
1172.4738675958188,0.9832047397103046
1177.7003484320558,0.9882036611883878
1182.9268292682927,0.9787515042167402
1188.1533101045295,0.9808218772284699
1193.3797909407665,0.9868380819323785
1198.6062717770035,0.9815901159463418
1203.8327526132405,0.9824047497793632
1209.0592334494772,0.9841496193944321
1214.2857142857142,0.9867860964280661
1219.5121951219512,0.9749430755507634
1224.7386759581882,0.9856844487105407
1229.9651567944252,0.9969947790137529
1235.191637630662,0.9807951729439546
1240.418118466899,0.9815443429550191
1245.644599303136,0.9763292966098216
1250.8710801393727,0.9889015571856143
1256.0975609756097,1.0532928618169066
1261.3240418118467,1.0207119695551867
1266.5505226480836,0.9819930721969979
1271.7770034843206,0.9757519048164087
1277.0034843205574,0.982540260965113
1282.2299651567944,0.9862621463235968
1287.4564459930314,0.9881104048755213
1292.6829268292684,0.982856461909424
1297.9094076655051,0.9888389724550699
1303.135888501742,0.980538859266668
1308.362369337979,0.9854595283482197
1313.588850174216,0.9904317496257062
1318.815331010453,0.9815361806218686
1324.0418118466898,0.9790226071330465
1329.2682926829268,0.9876123516443267
1334.4947735191638,0.985776059230578
1339.7212543554006,0.9814520638900824
1344.9477351916375,0.9886254860665994
1350.1742160278745,0.9806775252416954
1355.4006968641115,0.9848829204309105
1360.6271777003485,0.9823583502966526
1365.8536585365853,0.9838150679390187
1371.0801393728223,0.9835528470870776
1376.3066202090592,0.9891958546108534
1381.533101045296,0.9867017741918659
1386.759581881533,0.9851573127181689
1391.98606271777,0.9826552357503552
1397.212543554007,0.9855358047300423
1402.439024390244,0.9878301188897592
1407.665505226481,0.9838119164018304
1412.8919860627177,0.9759636751644162
1418.1184668989547,0.9864486007043934
1423.3449477351917,1.0666541589385072
1428.5714285714284,0.979297620330364
1433.7979094076654,0.9883125294494688
1439.0243902439024,0.9775008012086805
1444.2508710801394,0.9822063999983538
1449.4773519163764,0.9789379582659301
1454.7038327526132,0.9861178095186163
1459.9303135888501,0.985928713894739
1465.1567944250871,0.9802722238368041
1470.383275261324,0.9812945070806665
1475.6097560975609,0.9796763473456371
1480.8362369337979,0.9809246797021359
1486.0627177700349,0.9845443798481301
1491.2891986062718,0.983903492284081
1496.5156794425086,0.984220728717791
1501.7421602787456,0.9853459845537166
1506.9686411149826,0.9842077787154427
1512.1951219512193,0.9857684428732028
1517.4216027874563,0.9853987070317678
1522.6480836236933,0.9856915678689665
1527.8745644599303,0.985168759661887
1533.1010452961673,0.9851741982154328
1538.3275261324043,0.985912873056127
1543.554006968641,0.9858355343412127
1548.780487804878,0.9865786502996894
1554.0069686411148,0.986550300429207
1559.2334494773518,0.9818399917224582
1564.4599303135888,0.9869582489069425
1569.6864111498257,0.9880843311630506
1574.9128919860627,0.9884314805390434
1580.1393728222997,0.9886751271737713
1585.3658536585367,0.9889398521044905
1590.5923344947735,0.9890014412797976
1595.8188153310105,0.9895721573257663
1601.0452961672472,0.9900778497580252
1606.2717770034842,0.9892312331153549
1611.4982578397212,0.989636322594152
1616.7247386759582,0.9903735604599331
1621.9512195121952,0.9903163641232281
1627.1777003484322,0.9899147670240808
1632.404181184669,0.9903913979037433
1637.630662020906,0.9906878056491902
1642.8571428571427,0.984453928566578
1648.0836236933796,0.9901834383127827
1653.3101045296166,0.9907288366974194
1658.5365853658536,0.991037102080486
1663.7630662020906,0.9911268175070536
1668.9895470383276,0.9909841296390313
1674.2160278745646,0.9909829610450861
1679.4425087108013,0.9915622078897849
1684.6689895470383,0.9912877169285484
1689.895470383275,0.9913108122022075
1695.121951219512,0.9915623186337874
1700.348432055749,0.991901391319938
1705.574912891986,0.992400350811987
1710.801393728223,0.9923426973250676
1716.02787456446,0.9921432752686844
1721.2543554006968,0.9919301972940708
1726.4808362369338,0.9920956635776796
1731.7073170731705,0.9923652597644451
1736.9337979094075,0.9919967724480805
1742.1602787456445,0.9922281408286877
1747.3867595818815,0.9920724493945484
1752.6132404181185,0.9928305362408684
1757.8397212543555,0.9919512183541547
1763.0662020905922,0.9922723477406763
1768.2926829268292,0.9918246803287111
1773.519163763066,0.9915659619045496
1778.745644599303,0.9910487805125092
1783.97212543554,0.9915574933911916
1789.198606271777,0.9915869476231183
1794.425087108014,0.9917837369461044
1799.651567944251,0.9914852041524151
1804.878048780488,0.9917746189780744
1810.1045296167247,0.9920565542270658
1815.3310104529617,0.9916331480023418
1820.5574912891984,0.9916047288749493
1825.7839721254354,0.9922419663248702
1831.0104529616724,0.9921738283591942
1836.2369337979094,0.9921207057705175
1841.4634146341464,0.9922348969750441
1846.6898954703834,0.9921710904114999
1851.9163763066201,0.991679850975359
1857.142857142857,0.9917457125920328
1862.3693379790939,0.9925539208624063
1867.5958188153309,0.9925373977946335
1872.8222996515678,0.9930949033667119
1878.0487804878048,0.9930206440620062
1883.2752613240418,0.9925669787057684
1888.5017421602788,0.9927529961239502
1893.7282229965158,0.9924559336555235
1898.9547038327526,0.9926541647058464
1904.1811846689895,0.9926768385308908
1909.4076655052263,0.9872979364015799
1914.6341463414633,0.9932437724812643
1919.8606271777003,0.9927034763402595
1925.0871080139373,0.9932218399767745
1930.3135888501743,0.9930458667293025
1935.5400696864112,0.9935191934692501
1940.766550522648,0.9926921976493612
1945.993031358885,0.9934736992043683
1951.2195121951218,0.9933083158445987
1956.4459930313587,0.9930375910880621
1961.6724738675957,0.9930521712885605
1966.8989547038327,0.9933406594702902
1972.1254355400697,0.9932206229367113
1977.3519163763067,0.9929933186519029
1982.5783972125435,0.9933561659870594
1987.8048780487804,0.992906995933361
1993.0313588850172,0.9925019711034864
1998.2578397212542,0.9926443721390774
2003.4843205574912,0.9922220378768767
2008.7108013937282,0.9926501510287168
2013.9372822299651,0.9929983341951041
2019.1637630662021,0.9932658436012429
2024.390243902439,0.9928567020330198
2029.6167247386759,0.9934797472028492
2034.8432055749129,0.99314744328692
2040.0696864111499,0.9922573696135104
2045.2961672473866,0.9922245111330593
2050.5226480836236,0.9919688406449146
2055.7491289198606,0.9912815630706672
2060.9756097560976,0.9907463836077308
2066.2020905923346,0.9912675189153075
2071.4285714285716,0.9910625538110303
2076.6550522648085,0.9904124040705199
2081.8815331010455,0.9913311031088703
2087.108013937282,0.9912318852997467
2092.334494773519,0.9910354003887487
2097.560975609756,0.9920377287622923
2102.787456445993,0.9923039216267618
2108.0139372822296,0.9923110439683742
2113.2404181184666,0.9923036153470097
2118.4668989547035,0.9929699340719715
2123.6933797909405,0.9930084609046737
2128.9198606271775,0.9932984761753977
2134.1463414634145,0.9931788687746378
2139.3728222996515,0.9926864697906532
2144.5993031358885,0.9941063801387887
2149.8257839721255,0.9935478383408821
2155.0522648083625,0.9936336857049353
2160.2787456445994,0.9930668200631727
2165.5052264808364,0.9940248019848693
2170.7317073170734,0.9930802063560489
2175.95818815331,0.9923710884271468
2181.184668989547,0.9929994642433877
2186.411149825784,0.9929936459976032
2191.637630662021,0.9925351944141951
2196.8641114982574,0.9922241863445413
2202.0905923344944,0.9925207605923356
2207.3170731707314,0.9913523964250389
2212.5435540069684,0.9914704850321533
2217.7700348432054,0.9919988535651638
2222.9965156794424,0.9919753468502978
2228.2229965156794,0.9922004709414606
2233.4494773519164,0.991267322926288
2238.6759581881533,0.9926417122683399
2243.9024390243903,0.9914396444457908
2249.1289198606273,0.992227131047249
2254.3554006968643,0.9923068874042341
2259.5818815331013,0.9921564432188053
2264.808362369338,0.9921911807159324
2270.034843205575,0.9918934187411798
2275.261324041812,0.9921224455784785
2280.487804878049,0.9914698975072676
2285.7142857142853,0.9919138491117279
2290.9407665505223,0.9920237637546807
2296.1672473867593,0.9925042871650827
2301.3937282229963,0.9912215877170247
2306.6202090592333,0.9918336513498806
2311.8466898954703,0.9906567682486384
2317.0731707317073,0.9932733756660116
2322.2996515679442,0.9939060250206597
2327.526132404181,0.9929477370592998
2332.752613240418,0.9926640085587022
2337.979094076655,0.9936730433416329
2343.205574912892,0.9938051776723864
2348.432055749129,0.9937911285995157
2353.6585365853657,0.9931328593623028
2358.8850174216027,0.9926634590462132
2364.1114982578397,0.9937844088033517
2369.3379790940767,0.9944993511643653
2374.564459930313,0.9966549474350168
2379.79094076655,0.9963590108345105
2385.017421602787,0.994124501078193
2390.243902439024,0.9926429888867917
2395.470383275261,0.9919808864985242
2400.696864111498,0.9928955936844968
2405.923344947735,0.9920072384428607
2411.149825783972,0.993826280688903
2416.376306620209,0.9925295303984507
2421.602787456446,0.9983720814333242
2426.829268292683,0.9891829244017308
2432.05574912892,0.9972526433732781
2437.2822299651566,1.00217016816751
2442.5087108013936,0.993932434278372
2447.7351916376306,0.9955572869929493
2452.9616724738676,1.0158337782536113
2458.1881533101046,0.9987376247596375
2463.414634146341,0.9993122295577328
2468.641114982578,0.9989554861276441
2473.867595818815,1.0003521152485055
2479.094076655052,1.0009478207892861
2484.320557491289,1.0019440461063287
2489.547038327526,1.002095106387664
2494.773519163763,0.99990709663024
2500.0,1.001838408769162
